"id","name","description",
"1","Electronics","Category for electronics",
"2","Grocery","",
"3","Clothes","",
"4","Car/Gas","",
"5","Meat","",
"6","Home Decor","",
"7","Restuarants","",
"8","Medical","",
"9","Misc","",
"10","Bills/Electricity","",
"11","Home Appliances","",
"12","Snacks","",
"13","Personal Care","",
"14","Transport","",
"15","Car/Oil Change","",
"16","Car/Misc","",
"17","Food/Misc","",
"18","Household Items","",
"19","House Rent","",
"20","Bills/Vonage","",
"21","Bills/Wireless","",
"22","Gifts","",
"23","CC Payments","credit card payments",
"24","Baby Expenses","Temporary Category to keep track of Aalia's expenses",
"25","School/Tution","",
"26","School/Misc","",
